Fold_Number,Accuracy,F1_Score,Recall,Precision
Fold.1,0.9342403628117913,0.9375,1.0,0.8823529411764706
Fold.2,0.9263038548752834,0.9300322927879441,1.0,0.869215291750503
